order_level,p0_model,p1_model,request_units,effective,assisted,redundant,ineffective,effective_rate,assisted_rate,redundant_rate,ineffective_rate,matched_units,validator_assisted_units,total_tokens,tokens_per_effective
level_1,?,?,17,2,0,4,11,0.11764705882352941,0.0,0.23529411764705882,0.6470588235294118,6,0,4480,2240.0
level_1,gpt-4o,claude-sonnet-4-20250514,63,11,8,26,18,0.1746031746031746,0.12698412698412698,0.4126984126984127,0.2857142857142857,45,8,32100,2918.181818181818
level_2,claude-sonnet-4-20250514,claude-sonnet-4-20250514,21,2,1,2,16,0.09523809523809523,0.047619047619047616,0.09523809523809523,0.7619047619047619,5,1,18284,9142.0
level_2,claude-sonnet-4-20250514,gpt-4o,41,0,3,18,20,0.0,0.07317073170731707,0.43902439024390244,0.4878048780487805,21,3,12823,
level_2,gpt-4o,claude-sonnet-4-20250514,16,2,1,7,6,0.125,0.0625,0.4375,0.375,10,1,7857,3928.5
level_2,gpt-4o,gpt-4o,7,1,0,1,5,0.14285714285714285,0.0,0.14285714285714285,0.7142857142857143,2,0,3513,3513.0
level_3,claude-sonnet-4-20250514,gpt-4o,177,5,7,64,101,0.02824858757062147,0.03954802259887006,0.3615819209039548,0.5706214689265536,76,7,80644,16128.8
