order_level,target_model,request_units,effective,assisted,redundant,ineffective,effective_rate,assisted_rate,redundant_rate,ineffective_rate,matched_units,validator_assisted_units,total_tokens,tokens_per_effective
level_1,?,17,2,0,4,11,0.11764705882352941,0.0,0.23529411764705882,0.6470588235294118,6,0,4480,2240.0
level_1,claude-sonnet-4-20250514,38,7,6,16,9,0.18421052631578946,0.15789473684210525,0.42105263157894735,0.23684210526315788,29,6,16151,2307.285714285714
level_1,gpt-4o,25,4,2,10,9,0.16,0.08,0.4,0.36,16,2,11592,2898.0
level_2,claude-sonnet-4-20250514,35,3,2,8,22,0.08571428571428572,0.05714285714285714,0.22857142857142856,0.6285714285714286,13,2,33254,11084.666666666666
level_2,gpt-4o,50,2,3,20,25,0.04,0.06,0.4,0.5,25,3,9223,4611.5
level_3,claude-sonnet-4-20250514,27,1,0,1,25,0.037037037037037035,0.0,0.037037037037037035,0.9259259259259259,2,0,73556,73556.0
level_3,gpt-4o,150,4,7,63,76,0.02666666666666667,0.04666666666666667,0.42,0.5066666666666667,74,7,7088,1772.0
