order_level,speaker_model,request_units,effective,assisted,redundant,ineffective,effective_rate,assisted_rate,redundant_rate,ineffective_rate,matched_units,validator_assisted_units,total_tokens,tokens_per_effective
level_1,?,17,2,0,4,11,0.11764705882352941,0.0,0.23529411764705882,0.6470588235294118,6,0,4480,2240.0
level_1,claude-sonnet-4-20250514,25,4,2,10,9,0.16,0.08,0.4,0.36,16,2,12241,3060.25
level_1,gpt-4o,38,7,6,16,9,0.18421052631578946,0.15789473684210525,0.42105263157894735,0.23684210526315788,29,6,15949,2278.4285714285716
level_2,claude-sonnet-4-20250514,64,3,4,21,36,0.046875,0.0625,0.328125,0.5625,28,4,33254,11084.666666666666
level_2,gpt-4o,21,2,1,7,11,0.09523809523809523,0.047619047619047616,0.3333333333333333,0.5238095238095238,10,1,9223,4611.5
level_3,claude-sonnet-4-20250514,150,4,7,63,76,0.02666666666666667,0.04666666666666667,0.42,0.5066666666666667,74,7,73556,18389.0
level_3,gpt-4o,27,1,0,1,25,0.037037037037037035,0.0,0.037037037037037035,0.9259259259259259,2,0,7088,7088.0
